,pred_sc_mean,pred_sc_scale,targ_sc_mean,targ_sc_scale
0,[ 0.19852636 30.        ],[ 0.69843072 23.55136231],[0.25882456 1.08455406],[0.33880542 0.04376514]
