,pred_sc_mean,pred_sc_scale,targ_sc_mean,targ_sc_scale
0,[ 0.18890318 30.        ],[ 0.69831138 23.55136231],[0.28087861 1.10109735],[0.3129201  0.04666635]
