,pred_sc_mean,pred_sc_scale,targ_sc_mean,targ_sc_scale
0,[ 0.21114261 30.        ],[ 0.70523012 23.55136231],[0.22662425 1.06445355],[0.36759066 0.04565288]
