,pred_sc_mean,pred_sc_scale,targ_sc_mean,targ_sc_scale
0,[ 0.2018766 30.       ],[ 0.70398378 23.55136231],[0.28114541 1.09840114],[0.3140739  0.04764331]
