,pred_sc_mean,pred_sc_scale,targ_sc_mean,targ_sc_scale
0,[ 0.05206935 30.        ],[ 0.61524849 23.55136231],[0.37632537 1.18458176],[0.25053575 0.03286691]
