,pred_sc_mean,pred_sc_scale,targ_sc_mean,targ_sc_scale
0,[ 0.14203412 30.        ],[ 0.66618005 23.55136231],[0.30047763 1.12190971],[0.31334284 0.03785086]
