,pred_sc_mean,pred_sc_scale,targ_sc_mean,targ_sc_scale
0,[ 0.15620073 30.        ],[ 0.69083667 23.55136231],[0.31441705 1.12409023],[0.28855953 0.05084239]
