,pred_sc_mean,pred_sc_scale,targ_sc_mean,targ_sc_scale
0,[ 0.11714768 30.        ],[ 0.67527199 23.55136231],[0.33096479 1.13521421],[0.25975636 0.05769643]
