,pred_sc_mean,pred_sc_scale,targ_sc_mean,targ_sc_scale
0,[ 0.16620108 30.        ],[ 0.67974254 23.55136231],[0.28475757 1.10895135],[0.32169873 0.03988671]
