,pred_sc_mean,pred_sc_scale,targ_sc_mean,targ_sc_scale
0,[ 0.19480837 30.        ],[ 0.69582138 23.55136231],[0.25893388 1.0877021 ],[0.33901717 0.04385503]
