,pred_sc_mean,pred_sc_scale,targ_sc_mean,targ_sc_scale
0,[ 0.17809227 30.        ],[ 0.68828789 23.55136231],[0.30430833 1.11863221],[0.29788344 0.04353653]
