,pred_sc_mean,pred_sc_scale,targ_sc_mean,targ_sc_scale
0,[ 0.1705562 30.       ],[ 0.69904325 23.55136231],[0.33756755 1.14357818],[0.2548181  0.06322166]
