,pred_sc_mean,pred_sc_scale,targ_sc_mean,targ_sc_scale
0,[ 0.09865737 30.        ],[ 0.6405485  23.55136231],[0.35344041 1.15535505],[0.2767194  0.03537715]
