,pred_sc_mean,pred_sc_scale,targ_sc_mean,targ_sc_scale
0,[ 0.19561729 30.        ],[ 0.69844078 23.55136231],[0.27820649 1.09767918],[0.32136718 0.04395105]
