,pred_sc_mean,pred_sc_scale,targ_sc_mean,targ_sc_scale
0,[ 0.10896166 30.        ],[ 0.66117814 23.55136231],[0.31384406 1.13558983],[0.28102133 0.04796254]
