,pred_sc_mean,pred_sc_scale,targ_sc_mean,targ_sc_scale
0,[ 0.07837993 30.        ],[ 0.64427858 23.55136231],[0.34579793 1.16052019],[0.25031709 0.04809469]
