,pred_sc_mean,pred_sc_scale,targ_sc_mean,targ_sc_scale
0,[ 0.18584292 30.        ],[ 0.69938654 23.55136231],[0.31544107 1.12104886],[0.27865529 0.05153507]
