,pred_sc_mean,pred_sc_scale,targ_sc_mean,targ_sc_scale
0,[ 0.14811809 30.        ],[ 0.68771415 23.55136231],[0.33402977 1.14197064],[0.26278879 0.05733792]
