,pred_sc_mean,pred_sc_scale,targ_sc_mean,targ_sc_scale
0,[ 0.14076562 30.        ],[ 0.68006615 23.55136231],[0.31470482 1.12790421],[0.28957152 0.04752075]
