,pred_sc_mean,pred_sc_scale,targ_sc_mean,targ_sc_scale
0,[ 0.18457105 30.        ],[ 0.69135472 23.55136231],[0.28524675 1.10338649],[0.31924506 0.04241764]
